DOI,Citations
10.2762,66
10.33322l,1
10.14443,9999
